exec_clamp,queue_coef,median_latency_medium,median_latency_high,offered_medium,offered_high,elasticity,n_seeds,n_rounds,target_elasticity,gap
0.95,0.25,74.10355784909974,77.65437087861822,89.20587919529507,133.8401214124611,0.0957665973828024,3,10,0.2597,0.16393340261719758
0.95,0.5,78.03232831447194,85.40820487906284,89.20587919529507,133.8401214124611,0.1889141056843831,3,10,0.2597,0.07078589431561688
0.95,0.6,79.58303089561558,88.39403708849963,89.20587919529507,133.8401214124611,0.22127397792433204,3,10,0.2597,0.03842602207566795
0.95,0.7,81.1552606902536,91.38047113246878,89.20587919529507,133.8401214124611,0.25181459025428726,3,10,0.2597,0.007885409745712724
0.95,0.75,81.95977849145703,92.92680188626836,89.20587919529507,133.8401214124611,0.26743195917172874,3,10,0.2597,0.007731959171728753
0.95,0.8,82.76755672526177,94.4293001065633,89.20587919529507,133.8401214124611,0.28159741082939305,3,10,0.2597,0.02189741082939306
0.95,0.9,84.2543948320525,97.38128369747486,89.20587919529507,133.8401214124611,0.31138275505899243,3,10,0.2597,0.05168275505899245
0.95,1,85.77975360031718,100.44570836410804,89.20587919529507,133.8401214124611,0.3417046263035536,3,10,0.2597,0.0820046263035536
0.95,2,101.91963284023832,130.17756406317463,89.20587919529507,133.8401214124611,0.5541251033362797,3,10,0.2597,0.29442510333627975
0.95,4,135.4499860156264,188.37710943358053,89.20587919529507,133.8401214124611,0.7809525337055578,3,10,0.2597,0.5212525337055578
0.95,8,203.78875369793147,298.6361349888616,89.20587919529507,133.65391621173984,0.9340841944316394,3,10,0.2597,0.6743841944316393
0.95,16,336.74085957559714,482.6706148922486,89.20734896197679,133.47682972979865,0.873261358553205,3,10,0.2597,0.6135613585532049
0.95,24,463.5801959518108,598.170504501257,89.2115275752279,133.61401137079193,0.5833143028766441,3,10,0.2597,0.3236143028766441
0.95,32,538.1976797884294,627.2606786190736,89.21282154997138,133.7153981520554,0.33173982532940616,3,10,0.2597,0.07203982532940617
0.95,48,617.4851492230465,694.9482313860503,89.26459793676895,133.79479942441588,0.2514738605149282,3,10,0.2597,0.008226139485071782
0.99,0.25,78.4506894890792,96.28455385661034,89.20587919529507,133.8401214124611,0.45433271127663744,3,10,0.2597,0.19463271127663745
0.99,0.5,87.5365501261749,122.2997878104618,89.20587919529507,133.8401214124611,0.7936994932629957,3,10,0.2597,0.5339994932629957
0.99,1,106.9633415311146,174.87364791096758,89.20587919529507,133.8401214124611,1.2688960340797382,3,10,0.2597,1.0091960340797381
0.99,2,146.21139741838124,279.55910591201393,89.20587919529507,133.78423965298182,1.8250455803553314,3,10,0.2597,1.5653455803553313
0.99,4,232.87213282127556,463.5515252272176,89.21090078081798,133.26134839890642,2.006129095842541,3,10,0.2597,1.746429095842541
0.99,8,326.26433518132035,464.555383625941,89.21137192638376,133.4946949860047,0.8538950217520875,3,10,0.2597,0.5941950217520875
0.99,16,411.510417381783,539.6317624110411,89.2076845418846,133.39920701061263,0.6284980846618404,3,10,0.2597,0.36879808466184044
0.99,24,486.09587118881177,598.170504501257,89.20985779515668,133.61401137079193,0.4632065003639949,3,10,0.2597,0.20350650036399492
0.99,32,538.1976797884294,627.2606786190736,89.21282154997138,133.7153981520554,0.33173982532940616,3,10,0.2597,0.07203982532940617
0.99,48,617.4851492230465,694.9482313860503,89.26459793676895,133.79479942441588,0.2514738605149282,3,10,0.2597,0.008226139485071782
0.995,0.25,83.27158515519712,112.07464383692844,89.20587919529507,133.8401214124611,0.6913008474480657,3,10,0.2597,0.43160084744806576
0.995,0.5,98.02719896588528,154.50823042421118,89.20587919529507,133.8401214124611,1.1515461242373766,3,10,0.2597,0.8918461242373765
0.995,1,127.91238801357137,238.09084004915485,89.20587919529507,133.8795294940593,1.7199906938413758,3,10,0.2597,1.4602906938413758
0.995,2,188.21606289919887,431.80897594639293,89.20587919529507,133.1934716295032,2.624649104998581,3,10,0.2597,2.364949104998581
0.995,4,265.02101288148964,463.5515252272176,89.21137192638376,133.26134839890642,1.5171254412913753,3,10,0.2597,1.2574254412913752
0.995,8,326.26433518132035,464.555383625941,89.21137192638376,133.4946949860047,0.8538950217520875,3,10,0.2597,0.5941950217520875
0.995,16,411.510417381783,539.6317624110411,89.2076845418846,133.39920701061263,0.6284980846618404,3,10,0.2597,0.36879808466184044
0.995,24,486.09587118881177,598.170504501257,89.20985779515668,133.61401137079193,0.4632065003639949,3,10,0.2597,0.20350650036399492
0.995,32,538.1976797884294,627.2606786190736,89.21282154997138,133.7153981520554,0.33173982532940616,3,10,0.2597,0.07203982532940617
0.995,48,617.4851492230465,694.9482313860503,89.26459793676895,133.79479942441588,0.2514738605149282,3,10,0.2597,0.008226139485071782
